<?xml version="1.0" encoding="UTF-8"?>
<beans xmlns="http://www.springframework.org/schema/beans"
	xmlns:xsi="http://www.w3.org/2001/XMLSchema-instance" xmlns:context="http://www.springframework.org/schema/context"
	xmlns:mvc="http://www.springframework.org/schema/mvc" xmlns:p="http://www.springframework.org/schema/p"
	xsi:schemaLocation="http://www.springframework.org/schema/beans http://www.springframework.org/schema/beans/spring-beans.xsd
		http://www.springframework.org/schema/context http://www.springframework.org/schema/context/spring-context-4.3.xsd
		http://www.springframework.org/schema/mvc http://www.springframework.org/schema/mvc/spring-mvc-4.3.xsd">

	<context:annotation-config />
	<context:component-scan base-package="com.training" />
	<mvc:annotation-driven />
	<bean id="viewResolver" class="org.springframework.web.servlet.view.InternalResourceViewResolver" 
	p:prefix="/WEB-INF/views/" p:suffix=".jsp" 
	p:viewClass="org.springframework.web.servlet.view.JstlView"/>
	<bean id="placeHolder" class="org.springframework.beans.factory.config.PropertyPlaceholderConfigurer">
	   <property name="location" value="classpath:/data.properties"></property>
	</bean>
<bean id="dataSource" class="org.springframework.jdbc.datasource.DriverManagerDataSource">
		<property name="driverClassName" value="${jdbc.driverclass}" />
		<property name="url" value="${jdbc.url}" />
		<property name="username" value="${jdbc.username}" />
		<property name="password" value="${jdbc.password}" />
</bean>	
<bean id="jdbcTemplate"  
           class="org.springframework.jdbc.core.JdbcTemplate">
     <property name="dataSource"><ref bean="dataSource"/></property>
</bean>
</beans>